{
  "display": {
    "title": "Crypto Valley Art Gallery",
    "favicon": "favicon_asset"
  },
  "contact": {
    "name": "toonpunk",
    "email": ""
  },
  "owner": "",
  "scene": {
    "parcels": [
      "52,25", "53,25", "54,25", "55,25", "56,25", "57,25", "58,25", "59,25",
      "52,24", "53,24", "54,24", "55,24", "56,24", "57,24", "58,24", "59,24",
      "52,23", "53,23", "54,23", "55,23", "56,23", "57,23", "58,23", "59,23",
      "52,22", "53,22", "54,22", "55,22", "56,22", "57,22", "58,22", "59,22"
    ],
    "base": "52,22"
  },
  "communications": {
    "type": "webrtc",
    "signalling": "https://signalling-01.decentraland.org"
  },
  "policy": {
    "contentRating": "E",
    "fly": true,
    "voiceEnabled": true,
    "blacklist": []
  },
  "main": "bin/game.js",
  "tags": [],
  "spawnPoints": [
    {
      "name": "spawn1",
      "default": true,
      "position": {
        "x": 0,
        "y": 0,
        "z": 0
      },
      "cameraTarget": {
        "x": 8,
        "y": 1,
        "z": 8
      }
    }
  ]
}